date,calories,heart_rate,steps,basal_rate,bolus_volume_delivered,carb_input
2024-10-29,2626,99,8530,1.887040427417844,4.348654361042508,110
2024-10-30,2959,80,7744,1.8160090300714715,4.574878707526709,21
2024-10-31,2360,75,7413,0.8869124415727334,2.6055777544185954,76
2024-11-01,2794,77,6748,1.4899760690512687,2.5574298439672782,74
2024-11-02,2630,83,8353,1.7258333003018238,4.011646376937199,83
2024-11-03,2595,85,7779,1.3328012173991934,3.2848232608110495,52
2024-11-04,2544,84,3663,1.2944758675340098,3.5396376985627467,53
2024-11-05,1621,88,4998,0.8627784363506775,3.9993840802368954,38
2024-11-06,1966,74,6445,0.6396541517088488,4.461026174906075,21
2024-11-07,2738,60,6743,1.84582363692999,1.7561762685725257,104
2024-11-08,1830,84,8727,1.8506270857449958,1.940356467935726,55
2024-11-09,2982,66,4495,1.4496521859099019,0.5605115052202582,139
2024-11-10,1587,68,6304,1.008544686573051,2.933572690881253,44
2024-11-11,2896,83,6763,1.0238143619189914,0.2761171416040362,90
2024-11-12,2623,60,8232,1.588933518305359,2.381430288849055,99
2024-11-13,2371,67,4853,1.8456653899288655,2.758958710067126,17
2024-11-14,1630,83,8616,1.830629636397676,1.5040521354285938,102
2024-11-15,2832,70,9585,1.669813318786436,2.995082976788153,99
2024-11-16,2269,76,7659,1.4630474692314317,0.2494512247013422,124
2024-11-17,1843,67,4291,0.6262099474925733,0.2830061248711506,114

